Location,Source,Link
Hwy 91A at Howes St (East View),DriveBC,http://images.drivebc.ca/bchighwaycam/pub/html/www/318.html
Hwy 91A at Howes St (West View),DriveBC,http://images.drivebc.ca/bchighwaycam/pub/html/www/319.html
Hwy91A at Boundary Rd (East and West Views),Translink,http://www.translink.ca/en/Getting-Around/Driving/Traffic-Cameras/Highways/Highway-91-91A.aspx
Hwy91A at Boundary Rd (East View),DriveBC,http://images.drivebc.ca/bchighwaycam/pub/html/www/89.html
Hwy91A at Boundary Rd (West View),DriveBC,http://images.drivebc.ca/bchighwaycam/pub/html/www/90.html
Hwy91A at QB Bridge (East and South Views),Translink,http://www.translink.ca/en/Getting-Around/Driving/Traffic-Cameras/Bridges-and-Tunnels/Queensborough-Bridge.aspx
Hwy91A at QB Bridge (East and South Views),Translink,http://www.translink.ca/en/Getting-Around/Driving/Traffic-Cameras/Highways/Highway-91-91A.aspx
Hwy91A at QB Bridge (East View),DriveBC,http://images.drivebc.ca/bchighwaycam/pub/html/www/87.html
Hwy91A at QB Bridge (South View),DriveBC,http://images.drivebc.ca/bchighwaycam/pub/html/www/88.html
Pattullo Bridge NorthEnd (South and North Views),Translink,http://www.translink.ca/en/Getting-Around/Driving/Traffic-Cameras/Bridges-and-Tunnels/Pattullo-Bridge.aspx
